{
  "Reactive Baseline": [
    120.02639296187684,
    0.0
  ],
  "LSTM": [
    30.25000004412292,
    92.59909443673854
  ],
  "RF": [
    30.583307182709888,
    92.66331021591994
  ],
  "SVM": [
    31.38415824997134,
    92.4213328239008
  ]
}